id;text;type;date_time
1;payment Hawaii Health;Specialization;2023-02-27T11:11:03
2;circuit Lead THX;Post;2023-02-27T06:12:04
3;1080p programming;University;2023-02-27T01:54:23
4;COM;University;2023-02-27T04:30:23
5;green Manager indigo;Specialization;2023-02-26T22:58:53
6;system Plastic Tanzanian;Specialization;2023-02-26T20:42:31
7;morph killer;Specialization;2023-02-27T09:35:04
8;e-business Garden;Specialization;2023-02-26T16:12:38
9;Data Human synthesize;Post;2023-02-26T15:55:14
10;Senior Creek;University;2023-02-27T05:32:44
