id;type;name;extensions;location;created_date
1;EducationMaterials;web Music;Tonga Cheese Computers;niches capability;2023-02-27T06:12:03
2;TaskMaterials;alarm Soft Berkshire;Knoll convergence International;Automotive Home Bedfordshire;2023-02-27T01:48:35
3;UserMaterials;port Grass-roots;Shirt Circle Data;Island SCSI;2023-02-27T03:40:00
4;UserMaterials;pink;neural;Applications;2023-02-27T08:06:12
5;TaskMaterials;Checking;wireless Mouse strategic;payment;2023-02-27T14:58:43
6;EducationMaterials;Freeway;action-items;Bike Towels;2023-02-27T02:45:35
7;EducationMaterials;port silver Refined;Centralized Belarus withdrawal;Developer;2023-02-27T07:40:19
8;UserMaterials;Bedfordshire;Mountain International hardware;utilisation;2023-02-26T20:22:16
9;TaskMaterials;parse Senior synthesize;engine;digital;2023-02-26T22:15:34
10;TaskMaterials;driver;Tunnel;Chair;2023-02-27T02:17:00
