id;title;description;date_time;picture_url
1;Singapore Mexico;Tasty action-items;2023-02-27T12:23:05;leading-edge
2;copy 24/7 Generic;overriding Guadeloupe;2023-02-27T00:29:44;deposit revolutionize
3;repurpose Dominica blockchains;Handmade Licensed backing;2023-02-27T06:47:32;Illinois enterprise
4;collaborative Costa Shoes;plum withdrawal Sleek;2023-02-27T02:28:46;Steel Chicken
5;navigate generate;transform;2023-02-27T08:38:29;payment XSS connecting
6;clicks-and-mortar Handmade;Manager;2023-02-27T04:29:10;Producer out-of-the-box
7;initiatives Consultant;optical Mobility;2023-02-27T07:58:59;copy Avon
8;cohesive Metal;District;2023-02-27T07:35:15;relationships Awesome payment
9;Metal;Martin;2023-02-26T15:41:48;Corner
10;program New;Solutions;2023-02-26T21:51:18;Steel
